cell_type	histology	n_samples	estimate_log_odds	se	p_value	model_status	status_reason	warning_log	fit_error	q_value	ci_low	ci_high	sign_call
astro_glial	central neurocytoma	2	-1.26104968034849	0.747249332349352	0.0914901710729826	pass	none	""		0.234470206117918	-2.72565837175322	0.203559011056238	depleted
astro_glial	cerebellar liponeurocytoma	3	-0.583090229957673	0.62675585255432	0.352199871600959	pass	none	""		0.533240331631809	-1.81153170096414	0.645351241048794	not_significant
astro_glial	ganglioglioma	2	2.10247563924688	0.437375481243455	1.5319149796117e-06	pass	none	""		1.5319149796117e-05	1.24521969600971	2.95973158248405	enriched
astro_glial	pilocytic astrocytoma	4	0.504679865295409	0.551270663305141	0.359937223851471	pass	none	""		0.533240331631809	-0.575810634782668	1.58517036537348	not_significant
endothelial	central neurocytoma	2	-0.338571476059106	0.42090587847092	0.421173151140239	pass	none	""		0.580928484331365	-1.16354699786211	0.486404045743897	not_significant
endothelial	cerebellar liponeurocytoma	3	-0.264310738839733	0.353510076904405	0.454656056969556	pass	none	""		0.606208075959408	-0.957190489572366	0.4285690118929	not_significant
endothelial	ganglioglioma	2	0.617166617209731	0.312709453873921	0.0484260650523869	pass	none	""		0.16142021684129	0.00425608761684659	1.23007714680262	enriched
endothelial	pilocytic astrocytoma	4	0.066934092707073	0.316914137925644	0.832726712977028	pass	none	""		0.923442245546023	-0.55421761762719	0.688085803041336	not_significant
myeloid	central neurocytoma	2	-0.903825430058362	0.539357265186597	0.0937880824471671	pass	none	""		0.234470206117918	-1.96096566982409	0.153314809707367	depleted
myeloid	cerebellar liponeurocytoma	3	-0.605466593126879	0.443819588642545	0.172499020292042	pass	none	""		0.317041768806464	-1.47535298686627	0.264419800612509	not_significant
myeloid	ganglioglioma	2	0.443487249128268	0.453165817287526	0.327756738542446	pass	none	""		0.524410781667914	-0.444717752755282	1.33169225101182	not_significant
myeloid	pilocytic astrocytoma	4	0.906360936678782	0.308244253189916	0.00327790385830537	pass	none	""		0.0187308791903164	0.302202200426547	1.51051967293102	enriched
neuronal	central neurocytoma	2	-0.0959401561113037	0.835632340604197	0.908594577632238	pass	none	""		0.931891874494603	-1.73377954369553	1.54189923147292	not_significant
neuronal	cerebellar liponeurocytoma	3	3.1624210970745	0.452640235966042	2.81606306934125e-12	pass	none	""		3.75475075912167e-11	2.27524623458106	4.04959595956794	enriched
neuronal	ganglioglioma	2	0.303563710625989	0.833893699422433	0.715834365103473	pass	none	""		0.842158076592321	-1.33086794024198	1.93799536149396	not_significant
neuronal	pilocytic astrocytoma	4	-1.66636360206779	0.649225670831433	0.0102673188279194	pass	none	""		0.0410692753116775	-2.9388459168974	-0.393881287238182	depleted
oligo_mature	central neurocytoma	2	-0.0913938127524216	0.497293309175743	0.854184077130072	pass	none	""		0.923442245546023	-1.06608869873688	0.883301073232035	not_significant
oligo_mature	cerebellar liponeurocytoma	3	0.744500410266619	0.3364948203159	0.0269309834274872	pass	none	""		0.0979308488272262	0.084970562447456	1.40403025808578	enriched
oligo_mature	ganglioglioma	2	0.607686231580623	0.401613606655931	0.130251297992593	pass	none	""		0.289447328872429	-0.179476437465001	1.39484890062625	not_significant
oligo_mature	pilocytic astrocytoma	4	-0.962329269239662	0.363894139136808	0.00818042545509272	pass	none	""		0.0363574464670787	-1.67556178194781	-0.249096756531518	depleted
opc	central neurocytoma	2	-1.08729714879446	0.806193616187418	0.177439795132996	pass	none	""		0.317041768806464	-2.6674366365218	0.492842338932877	not_significant
opc	cerebellar liponeurocytoma	3	-0.867271286654717	0.693448998616518	0.211057306723966	pass	none	""		0.351762177873277	-2.22643132394309	0.491888750633657	not_significant
opc	ganglioglioma	2	-0.211314229066118	0.804648890346155	0.792846033885634	pass	none	""		0.906109753012153	-1.78842605414458	1.36579759601235	not_significant
opc	pilocytic astrocytoma	4	2.97042638249773	0.289121753289517	9.2331413925097e-25	pass	none	""		1.84662827850194e-23	2.40374774605028	3.53710501894519	enriched
proliferation	central neurocytoma	2	0.757843142954959	0.510303724157141	0.137521964715968	pass	none	""		0.289519925717827	-0.242352156393038	1.75803844230295	not_significant
proliferation	cerebellar liponeurocytoma	3	1.46930711886738	0.350950559021435	2.83102002899345e-05	pass	none	""		0.000226481602319476	0.781444023185373	2.1571702145494	enriched
proliferation	ganglioglioma	2	-0.899814816195121	0.674670673321961	0.182299017063717	pass	none	""		0.317041768806464	-2.22216933590616	0.422539703515922	not_significant
proliferation	pilocytic astrocytoma	4	-0.775479609018953	0.497410476143346	0.118988445069742	pass	none	""		0.279972811928804	-1.75040414225991	0.199444924222006	not_significant
radial_glia	central neurocytoma	2	5.04904659586787	0.456830577626761	2.13575606009929e-28	pass	none	""		8.54302424039715e-27	4.15365866371942	5.94443452801633	enriched
radial_glia	cerebellar liponeurocytoma	3	0.298651782165222	0.753004013650476	0.691652275636317	pass	none	""		0.838366394710687	-1.17723608458971	1.77453964892015	not_significant
radial_glia	ganglioglioma	2	0.0279322560359723	0.864583085098797	0.974227069842065	pass	none	""		0.974227069842065	-1.66665059075767	1.72251510282961	not_significant
radial_glia	pilocytic astrocytoma	4	-1.28437104486382	0.682751018169896	0.0599487351096875	pass	none	""		0.171282100313393	-2.62256304047681	0.0538209507491814	depleted
t_cell	central neurocytoma	2	0.0590616841062013	0.498304817754219	0.905651519698472	pass	none	""		0.931891874494603	-0.917615758692068	1.03573912690447	not_significant
t_cell	cerebellar liponeurocytoma	3	0.923883547407083	0.323104042769717	0.00424443846521392	pass	none	""		0.0212221923260696	0.290599623578438	1.55716747123573	enriched
t_cell	ganglioglioma	2	-0.307109929655672	0.535485948335975	0.566295153332692	pass	none	""		0.730703423655087	-1.35666238839418	0.742442529082839	not_significant
t_cell	pilocytic astrocytoma	4	-0.546596921837129	0.409130688082932	0.181550613417373	pass	none	""		0.317041768806464	-1.34849307047968	0.255299226805417	not_significant
undetermined	central neurocytoma	2	0.530672582987623	0.634644602184721	0.40305767226769	pass	none	""		0.575796674668128	-0.713230837294429	1.77457600326968	not_significant
undetermined	cerebellar liponeurocytoma	3	1.50321598566195	0.461014093729735	0.00111148329419666	pass	none	""		0.00740988862797774	0.599628361951669	2.40680360937223	enriched
undetermined	ganglioglioma	2	-0.327599602910985	0.705028328224183	0.642173799494123	pass	none	""		0.802717249367653	-1.70945512623038	1.05425592040841	not_significant
undetermined	pilocytic astrocytoma	4	-1.06764996402589	0.557006913960207	0.0552681112483569	pass	none	""		0.170055726918021	-2.15938351538789	0.0240835873361189	depleted
