niche_type	histology	n_samples	estimate_log_odds	se	p_value	model_status	status_reason	warning_log	fit_error	q_value	ci_low	ci_high	sign_call
1	central neurocytoma	2	1.65797357373381	0.643930846868229	0.0100306877280039	pass	none	""		0.0656554105832985	0.395869113872078	2.92007803359554	enriched
1	cerebellar liponeurocytoma	3	1.45738030963409	0.576310980040623	0.0114450338734779	pass	none	""		0.0686702032408673	0.32781078875447	2.58694983051371	enriched
1	ganglioglioma	2	-0.872352129915664	0.784344241432793	0.266049721084666	pass	none	""		0.674249028828627	-2.40966684312394	0.66496258329261	not_significant
1	pilocytic astrocytoma	4	-1.22268969721785	0.602486007514504	0.0424167891832287	pass	none	""		0.214534470794087	-2.40356227194628	-0.0418171224894266	depleted
10	central neurocytoma	2	-0.0333321973654218	0.422100416615848	0.937058506122985	pass	none	""		0.999893466392477	-0.860649013932483	0.79398461920164	not_significant
10	cerebellar liponeurocytoma	3	-0.405328347706836	0.368665181984619	0.271572525500419	pass	none	""		0.674249028828627	-1.12791210439669	0.317255408983018	not_significant
10	ganglioglioma	2	-0.284420062071413	0.436759026497021	0.514913571716783	pass	none	""		0.887891107332216	-1.14046775400557	0.571627629862748	not_significant
10	pilocytic astrocytoma	4	0.573453577778489	0.285653213737946	0.0446946814154347	pass	none	""		0.214534470794087	0.0135732788521157	1.13333387670486	enriched
11	central neurocytoma	2	0.270007885865311	0.623265562539936	0.664858704730494	pass	none	""		0.999893466392477	-0.951592616712962	1.49160838844359	not_significant
11	cerebellar liponeurocytoma	3	1.44359671290442	0.423996608363257	0.00066227933830117	pass	none	""		0.00596051404471053	0.612563360512435	2.2746300652964	enriched
11	ganglioglioma	2	0.398667865357459	0.609120249980919	0.512791142146551	pass	none	""		0.887891107332216	-0.795207824605142	1.59254355532006	not_significant
11	pilocytic astrocytoma	4	-1.53269085426476	0.523688779960783	0.00342556231054869	pass	none	""		0.0274044984843895	-2.55912086298789	-0.506260845541621	depleted
12	central neurocytoma	2	-0.394429553090896	0.545638595777416	0.46975549814238	pass	none	""		0.887891107332216	-1.46388120081463	0.675022094632839	not_significant
12	cerebellar liponeurocytoma	3	0.196027252284693	0.42724846308241	0.646368285041173	pass	none	""		0.999893466392477	-0.641379735356831	1.03343423992622	not_significant
12	ganglioglioma	2	-0.268186384358867	0.536013215616872	0.616838934833919	pass	none	""		0.999893466392477	-1.31877228696794	0.782399518250203	not_significant
12	pilocytic astrocytoma	4	0.274062204988127	0.395012194781257	0.487803285240795	pass	none	""		0.887891107332216	-0.500161696783136	1.04828610675939	not_significant
13	central neurocytoma	2	0.0240771915989816	1.11299860303942	0.982740929652588	pass	none	""		0.999893466392477	-2.15740007035828	2.20555445355625	not_significant
13	cerebellar liponeurocytoma	3	-0.740015621282335	1.11801304088026	0.508033712645733	pass	none	""		0.887891107332216	-2.93132118140765	1.45128993884298	not_significant
13	ganglioglioma	2	-0.0271605678714893	1.11769529360952	0.98061290475232	pass	none	""		0.999893466392477	-2.21784334334615	2.16352220760317	not_significant
13	pilocytic astrocytoma	4	0.668135001135096	0.916570365513955	0.466031558526452	pass	none	""		0.887891107332216	-1.12834291527226	2.46461291754245	not_significant
14	central neurocytoma	2	1.44845438772127	0.850620150274494	0.0886014543946294	pass	none	""		0.354405817578517	-0.218761106816743	3.11566988225927	not_significant
14	cerebellar liponeurocytoma	3	1.30149073616742	0.806397111936165	0.106536626461916	pass	none	""		0.403717742381996	-0.279047603227462	2.88202907556231	not_significant
14	ganglioglioma	2	-0.421778321194144	1.09482191722611	0.700053435233508	pass	none	""		0.999893466392477	-2.56762927895732	1.72407263656903	not_significant
14	pilocytic astrocytoma	4	-19.8136755244838	8950.79787068197	0.998233787299061	fail	nonzero_convergence_code;fatal_warning_pattern;warnings_present	Model convergence problem; false convergence (8). See vignette('troubleshooting'), help('diagnose')		0.999893466392477	-17563.3775020611	17523.7501510122	not_significant
15	central neurocytoma	2	-13.0111626365326	1314.1073294838	0.992100161123838	pass	none	""		0.999893466392477	-2588.66152842478	2562.63920315172	not_significant
15	cerebellar liponeurocytoma	3	-11.1618439545754	379.256379970168	0.976520955414974	pass	none	""		0.999893466392477	-754.504348696106	732.180660786955	not_significant
15	ganglioglioma	2	-13.0102443588302	1374.06201239075	0.992445378805857	pass	none	""		0.999893466392477	-2706.1717886447	2680.15129992704	not_significant
15	pilocytic astrocytoma	4	20.2669478808693	15334.4413569334	0.998945466631321	fail	nonzero_convergence_code;fatal_warning_pattern;warnings_present	Model convergence problem; false convergence (8). See vignette('troubleshooting'), help('diagnose')		0.999893466392477	-30035.2381117086	30075.7720074703	not_significant
16	central neurocytoma	2	0.0956918464658114	0.522416480845752	0.854663401586626	pass	none	""		0.999893466392477	-0.928244455991863	1.11962814892349	not_significant
16	cerebellar liponeurocytoma	3	1.16869657484951	0.305150118525816	0.000128191697556131	pass	none	""		0.00181120666793078	0.570602342538911	1.76679080716011	enriched
16	ganglioglioma	2	-0.24423190223075	0.567463085969186	0.666910091153834	pass	none	""		0.999893466392477	-1.35645955073036	0.867995746268855	not_significant
16	pilocytic astrocytoma	4	-0.814640084409484	0.438266670972964	0.0630587291094548	pass	none	""		0.267072264463573	-1.67364275951649	0.0443625906975257	not_significant
17	central neurocytoma	2	-22.6711941361068	160451.833695027	0.999887262144038	pass	none	""		0.999893466392477	-314508.265236389	314462.922848117	not_significant
17	cerebellar liponeurocytoma	3	13.1516008668811	445.890326960473	0.976469689164511	pass	none	""		0.999893466392477	-860.793439975646	887.096641709408	not_significant
17	ganglioglioma	2	-22.629893189865	169486.819745908	0.999893466392477	pass	none	""		0.999893466392477	-332216.79659517	332171.53680879	not_significant
17	pilocytic astrocytoma	4	-16.8843030509353	6760.16035796161	0.998007190657529	pass	none	""		0.999893466392477	-13266.7986046557	13233.0299985538	not_significant
19	central neurocytoma	2	-10.9464155885468	465.958303713863	0.981257609038009	pass	none	""		0.999893466392477	-924.224690867718	902.331859690624	not_significant
19	cerebellar liponeurocytoma	3	-9.41059975214979	157.751788025026	0.952430832538541	pass	none	""		0.999893466392477	-318.6041042812	299.7829047769	not_significant
19	ganglioglioma	2	22.3625532170594	24596.7265862992	0.999274589103094	pass	none	""		0.999893466392477	-48187.2215559293	48231.9466623635	not_significant
19	pilocytic astrocytoma	4	-19.0490239563872	18484.9324771332	0.999177767111573	pass	none	""		0.999893466392477	-36249.5166791374	36211.4186312247	not_significant
2	central neurocytoma	2	-0.281824183373095	0.795232562157681	0.723045011143136	pass	none	""		0.999893466392477	-1.84048000520215	1.27683163845596	not_significant
2	cerebellar liponeurocytoma	3	0.041881664901469	0.686373206439395	0.951344241948165	pass	none	""		0.999893466392477	-1.30340981971974	1.38717314952268	not_significant
2	ganglioglioma	2	4.6544825746997	0.284198817962152	2.76629262057647e-60	pass	none	""		1.99173068681506e-58	4.09745289149388	5.21151225790552	enriched
2	pilocytic astrocytoma	4	-0.749734917250978	0.637440451322603	0.239529092566989	pass	none	""		0.663311333262431	-1.99911820184328	0.499648367341323	not_significant
3	central neurocytoma	2	-0.359434778142621	0.544143819439319	0.508900261571486	pass	none	""		0.887891107332216	-1.42595666424369	0.707087107958444	not_significant
3	cerebellar liponeurocytoma	3	-0.105313115658725	0.459228238530605	0.818615308811221	pass	none	""		0.999893466392477	-1.00540046317871	0.794774231861261	not_significant
3	ganglioglioma	2	-1.04042336393515	0.543917899506721	0.0557696101132173	pass	none	""		0.250963245509478	-2.10650244696832	0.0256557190980251	not_significant
3	pilocytic astrocytoma	4	1.1028465551929	0.291024792113965	0.000150933888994232	pass	none	""		0.00181120666793078	0.532437962649531	1.67325514773627	enriched
4	central neurocytoma	2	-0.761871965624111	0.604857588024807	0.207817665026466	pass	none	""		0.623452995079399	-1.94739283815273	0.423648906904512	not_significant
4	cerebellar liponeurocytoma	3	0.358476771722069	0.444593072258577	0.420068104368163	pass	none	""		0.887891107332216	-0.512925649904743	1.22987919334888	not_significant
4	ganglioglioma	2	1.24061812871196	0.34927160272452	0.000382292414344135	pass	none	""		0.00393215054753967	0.556045787371903	1.92519047005202	enriched
4	pilocytic astrocytoma	4	-0.456070732707747	0.445389982367484	0.305844404958603	pass	none	""		0.734026571900647	-1.32903509814802	0.416893632732522	not_significant
5	central neurocytoma	2	-0.961218325922524	0.762037593334577	0.207172279398974	pass	none	""		0.623452995079399	-2.4548120088583	0.532375357013247	not_significant
5	cerebellar liponeurocytoma	3	-0.424090087180725	0.642410595330049	0.509154845472356	pass	none	""		0.887891107332216	-1.68321485402762	0.83503467966617	not_significant
5	ganglioglioma	2	-0.520289504286931	0.750933899531897	0.488399551577248	pass	none	""		0.887891107332216	-1.99211994736945	0.951540938795587	not_significant
5	pilocytic astrocytoma	4	2.58285331478444	0.354569384056834	3.22915211811457e-13	pass	none	""		1.16249476252125e-11	1.88789732203304	3.27780930753583	enriched
6	central neurocytoma	2	1.61571325502259	0.383687912008059	2.54232603701696e-05	pass	none	""		0.000522037370971575	0.863684947486794	2.36774156255839	enriched
6	cerebellar liponeurocytoma	3	0.658807524336031	0.48929780643229	0.178162380203802	pass	none	""		0.583076880666989	-0.300216176271256	1.61783122494332	not_significant
6	ganglioglioma	2	-0.988502882190528	0.692514533009129	0.153461453652552	pass	none	""		0.526153555380179	-2.34583136688842	0.368825602507365	not_significant
6	pilocytic astrocytoma	4	-0.580324322263203	0.512422590968746	0.257419579320794	pass	none	""		0.674249028828627	-1.58467260056195	0.42402395603554	not_significant
7	central neurocytoma	2	-0.13512963152863	0.702521623912217	0.847468504338104	pass	none	""		0.999893466392477	-1.51207201439658	1.24181275133932	not_significant
7	cerebellar liponeurocytoma	3	-0.0918858380445241	0.604358600367064	0.879156487808522	pass	none	""		0.999893466392477	-1.27642869476397	1.09265701867492	not_significant
7	ganglioglioma	2	-0.227137237011859	0.708245385646849	0.748434599241762	pass	none	""		0.999893466392477	-1.61529819287968	1.16102371885597	not_significant
7	pilocytic astrocytoma	4	0.333889270596657	0.546133977943728	0.540955457996796	pass	none	""		0.905785883157426	-0.736533326173049	1.40431186736636	not_significant
8	central neurocytoma	2	-0.389957443449895	0.603154883725008	0.517936479277126	pass	none	""		0.887891107332216	-1.57214101555091	0.79222612865112	not_significant
8	cerebellar liponeurocytoma	3	0.341590625364953	0.4623593413161	0.460029050786552	pass	none	""		0.887891107332216	-0.564633683614603	1.24781493434451	not_significant
8	ganglioglioma	2	0.948283032239663	0.429081553612753	0.0271030922239196	pass	none	""		0.150109433855555	0.107283187158667	1.78928287732066	enriched
8	pilocytic astrocytoma	4	-0.554108540381913	0.462995128624919	0.231387911383004	pass	none	""		0.663311333262431	-1.46157899248675	0.353361911722928	not_significant
9	central neurocytoma	2	0.233021599188776	0.572902054956129	0.684199705670898	pass	none	""		0.999893466392477	-0.889866428525236	1.35590962690279	not_significant
9	cerebellar liponeurocytoma	3	0.719413597063931	0.453308411399516	0.112506075592908	pass	none	""		0.40502187213447	-0.16907088927912	1.60789808340698	not_significant
9	ganglioglioma	2	1.20462243861507	0.431260135652614	0.00521794518253312	pass	none	""		0.0375692053142385	0.359352572735946	2.04989230449419	enriched
9	pilocytic astrocytoma	4	-1.63538073220069	0.391130505242892	2.90020761650875e-05	pass	none	""		0.000522037370971575	-2.40199652247675	-0.868764941924617	depleted
