resolution	cluster	n_cells	entropy	top_lineage	margin	top_unbiased_genes	astro_glial	radial_glia	opc	oligo_mature	neuronal	myeloid	t_cell	endothelial	proliferation
res0.2	8	112252	0.555020631786969	t_cell	0.000499325259789917	FGFR3, COL25A1, RGS16, FGFR2, NR4A2	-0.0561062640462334	-0.0177082823627165	-0.0364897195762376	0.00878457243614499	-0.00667073670386575	-0.00987654483906317	0.00928389769593491	0.00568731501992223	0.00659379784275313
res0.2	1	350229	0.517739267176746	neuronal	0.00769468506712011	RELN, APP, SOX4, NNAT, FBLN1	-0.105921595180122	-0.0427722333381996	-0.0726976316932872	-0.0127434067781478	-0.00504872171102772	-0.0368050968711992	-0.0151319315881806	-0.0366100705290535	-0.015205318797352
res0.2	10	36992	0.709443003968473	neuronal	0.0222352386098428	SLC17A7, CRYM, APP, C1QL3, HS3ST2	0.0365135276885981	-0.0810907195497562	-0.00105614606142537	-0.00245456644210139	0.0587487662984408	-0.0135654165494808	-0.0147825043695018	-0.0104055340851557	0.00679596479900158
res0.2	2	300457	0.156225621103296	radial_glia	0.052154067315996	RELN, FGFR3, APP, COL25A1, SOX4	-0.0949957771774892	0.070254522003446	-0.0583337990921454	0.0068659739147208	0.00277218002092365	-0.0253475267939247	0.0181004546874499	-0.0145278568193716	0.00879480993554449
res0.2	11	33991	0.764141847607663	t_cell	0.0743048081604657	CD2, TRAC, CD48, CCL5, PTPRC	-0.0658627735166558	-0.070065117717873	-0.0493905817143765	-0.00666706679717924	-0.0267519506204584	-0.0143843192166363	0.0676377413632865	-0.011871219371891	-0.0113849854962034
res0.2	7	119248	0.258340005256629	radial_glia	0.100204196162504	CXCL14, PAX6, FGFR3, DNER, RGS16	-0.00519480189928292	0.169610472794006	-0.053563245771848	0.00278455437883688	0.0694062766315019	-0.0274784933701061	-0.00480357934888188	-0.0179099656091404	0.0078932568162689
res0.2	13	27716	0.784733183848566	oligo_mature	0.116240021798354	ERMN, MOG, CNDP1, UGT8, CLDN11	-0.0353666340271991	-0.0700117354215694	-0.00877039411830042	0.107469627680053	-0.0262919791899884	-0.0212770471714238	-0.0124955278847331	-0.0214443293656448	-0.0156785726249281
res0.2	5	155983	0.386680308778435	radial_glia	0.117144140361535	PAX6, FGFR3, SOX4, LAMP5, MEIS2	-0.0171401678775066	0.135934809503159	-0.0399173670565238	-0.00323531174566001	0.00931120465234995	-0.0303736401009421	-0.00954005406523413	-0.0164010390880765	0.0187906691416247
res0.2	6	153150	0.95397237781387	myeloid	0.13148752790796	GPR34, AIF1, APOE, MS4A6A, RNASET2	0.0347639251659313	-0.127594322838943	-0.0205240454140317	-0.0104089120964534	-0.0399805462865069	0.182560181258084	0.0308629534259932	0.0510726533501236	-0.0134087936235695
res0.2	12	29216	0.696368503022792	proliferation	0.143444566596484	TOP2A, MKI67, SOX4, APP, CENPF	-0.0646741262189876	-0.00876228803292672	-0.0409460286978298	-0.00401943244644891	-0.00715110706657663	-0.0201100922741647	-0.0043179356727169	-0.0150032299489347	0.139425134150035
res0.2	9	112020	0.896963065484585	endothelial	0.202609486854811	IFITM3, DCN, FLT1, IGFBP4, PECAM1	-0.00113771002926176	-0.135439606068394	-0.0364227343806215	-0.00421254411243223	-0.0452062209095327	0.00109779436930327	0.00264160425791593	0.205251091112727	-0.0170839463832866
res0.2	4	182435	0.900655789696736	opc	0.238986575415664	PTPRZ1, OLIG1, SEMA5A, OLIG2, VCAN	0.0425761152995898	-0.0355522585284491	0.281562690715254	0.00977832033071819	0.0289777130167761	0.0108066662869786	-0.0146215970279878	-0.027079226319505	-0.0015605848381411
res0.2	3	188316	0.779827713599127	astro_glial	0.239054553504958	AQP4, APOE, GJA1, PTPRZ1, TTYH1	0.323541194017472	0.0205399983713348	0.0844866405125144	-0.00655358531307151	-0.013851150886565	-0.0010800633558844	-0.0166338451508264	-0.0284094384591152	-0.00995215204406939
res0.3	9	114607	0.561230390824565	t_cell	0.00047097074396831	FGFR3, COL25A1, RGS16, NR4A2, FGFR2	-0.0563368168168289	-0.0172490468833146	-0.036808946455557	0.00855233478825692	-0.00641145514107434	-0.0102289145027701	0.00902330553222523	0.00517657825550702	0.00634467995865806
res0.3	5	173550	0.516345347163032	oligo_mature	0.0025162424040491	APP, RELN, SOX4, DNER, KCNH5	-0.101999220508399	-0.0357924125648023	-0.0708647279975444	-0.014471108682132	-0.0184078977290779	-0.0388595211685362	-0.016987351086181	-0.0383410608178687	-0.0212218934129647
res0.3	17	65	0.671025942436082	oligo_mature	0.00601959554702156	SST, TAC1, MEPE, SAMD5, SDK1	-0.0916533106021345	-0.123636895272488	-0.0717461483743345	-0.0190229974360966	-0.0517762925936946	-0.041454025476246	-0.0250425929831182	-0.0373424259062455	-0.0348603244841457
res0.3	15	257	0.615094530792574	oligo_mature	0.00641682227070987	SNTB2, GNLY, NPFFR2, CRHBP, CTNNA3	-0.0932078010436454	-0.128348777256162	-0.0703380634985696	-0.0186284393308015	-0.0484558684761639	-0.0403972790442454	-0.0250452616015114	-0.0394759707954415	-0.0337423422607429
res0.3	4	173700	0.451769318339084	neuronal	0.0154434643618965	NNAT, RELN, SOX4, FBLN1, APP	-0.0879700070429577	-0.0411175558945191	-0.0594311073041463	-0.00853955650392836	0.00913480815315174	-0.0270622674949105	-0.0101126694045249	-0.0273831668372007	-0.00630865620874481
res0.3	11	38034	0.705536783060354	neuronal	0.0210525386907802	SLC17A7, CRYM, APP, C1QL3, HS3ST2	0.0382823577861373	-0.0804034464164801	-0.000645537431230922	-0.00253208374862546	0.0593348964769175	-0.0134870446114945	-0.0147406687123131	-0.0108727950750366	0.00646820811390676
res0.3	1	297802	0.154947969150917	radial_glia	0.0527770183876052	RELN, FGFR3, APP, COL25A1, SOX4	-0.0946377481829331	0.0711296744070497	-0.0580551395485152	0.00705416002629481	0.00303971735655495	-0.0251465635533101	0.0183526560194445	-0.0142732839526364	0.00912319833498293
res0.3	12	34058	0.76449614752954	t_cell	0.0743554590951176	CD2, TRAC, CD48, PTPRC, CCL5	-0.065763247521016	-0.0701697178584167	-0.049324189282516	-0.00667376345121994	-0.0267541490204869	-0.0143436092605726	0.0676816956438976	-0.0119088979814711	-0.0114149735555392
res0.3	8	118007	0.24279368565056	radial_glia	0.102307713488311	CXCL14, PAX6, FGFR3, DNER, RGS16	-0.005897939859187	0.172032407799708	-0.0541555393870993	0.00293107129931364	0.0697246943113972	-0.0275340115218996	-0.00464411724169167	-0.0177480078051804	0.00817736580336476
res0.3	14	27909	0.785219947497137	oligo_mature	0.11627448326405	ERMN, MOG, CNDP1, UGT8, CLDN11	-0.0355213930305565	-0.0698597033685051	-0.00901772829121707	0.107256754972833	-0.026180753278193	-0.0213139657551072	-0.0124878455860745	-0.0213756085464757	-0.0157033436823974
res0.3	6	156897	0.389991747069137	radial_glia	0.116745422315174	PAX6, FGFR3, SOX4, LAMP5, MEIS2	-0.0174071291336998	0.135392012311906	-0.0400316520297207	-0.00327630432424944	0.00921652402109139	-0.0304001431443233	-0.00956613535452854	-0.0164565796828623	0.0186465899967314
res0.3	7	153355	0.954216436022643	myeloid	0.131313438314802	AIF1, GPR34, RNASET2, APOE, FCER1G	0.0342380598313148	-0.127626073182719	-0.0207316748895775	-0.0104150174286997	-0.0400035088256911	0.182223243420355	0.0307711873198127	0.0509098051055529	-0.0134266925449469
res0.3	13	28880	0.683513330421454	proliferation	0.142234565446461	TOP2A, MKI67, SOX4, COL25A1, CENPF	-0.0664119095548166	-0.00897433186334132	-0.0453383395656004	-0.00404862262143555	-0.00758508959517411	-0.0204004762711247	-0.00407509959091089	-0.0147081822385577	0.138185942825026
res0.3	10	112579	0.896606863851147	endothelial	0.201817953572021	IFITM3, DCN, FLT1, IGFBP4, PECAM1	-0.00150546644786768	-0.13523004628985	-0.0365464210298337	-0.00426502579476838	-0.0451789164144736	0.000958090385381499	0.00255235313677336	0.204370306708794	-0.017113739630161
res0.3	2	189149	0.779872331372142	astro_glial	0.238218860744315	AQP4, APOE, GJA1, PTPRZ1, TTYH1	0.322546369332244	0.0203045588674137	0.0843275085879292	-0.00657637867269072	-0.0140258025338887	-0.0010297858599823	-0.0166224386746505	-0.0284121437046991	-0.010003428598039
res0.3	3	182953	0.901156405626227	opc	0.2388337111669	PTPRZ1, OLIG1, SEMA5A, OLIG2, VCAN	0.04212381809269	-0.0353804343711662	0.28095752925959	0.00966583028488595	0.0289759070864481	0.0105517224579735	-0.0146981576640541	-0.0271527803314357	-0.00100542414314563
res0.3	16	203	0.0819919731370806	opc	0.267318459102355	PTPRZ1, SOX10, SEMA5A, OLIG1, GPNMB	0.0527086768731124	-0.0829982411165951	0.335056707259551	0.0580150223484122	0.0221396855408411	0.067738248157196	0.00464030063743677	-0.00536400315534141	0.0104133858717305
res0.4	9	113684	0.559314079441734	t_cell	0.00036407796665274	COL25A1, RGS16, FGFR2, NTNG2, TRPC6	-0.056350313755683	-0.0177175753285135	-0.0367072652223476	0.00865817284654166	-0.00657852863403401	-0.0101033895296065	0.0090222508131944	0.00530238155647495	0.00634191258139946
res0.4	3	186095	0.552060081850047	neuronal	0.000492233104676507	APP, RELN, SOX4, DNER, SOX9	-0.095088023002247	-0.0198346027959203	-0.0661295505406992	-0.0121126830051352	-0.0116204499004587	-0.0355585635192037	-0.0139079995443153	-0.0352022784982597	-0.0153988270695124
res0.4	15	19704	0.295462751778763	oligo_mature	0.000946136206321738	IGFBP5, RELN, GNLY, NPFFR2, CTNNA3	-0.0949640958181453	-0.0585487013800221	-0.065448727022099	-0.0130264109065163	-0.0332263589760088	-0.0361417957898729	-0.013972547112838	-0.0355789189099518	-0.0267025358612913
res0.4	16	18690	0.206046056592415	t_cell	0.00200813892607145	NR4A2, FGFR3, RGS16, COL25A1, B4GALNT1	-0.0729575865935437	-0.0289356178414736	-0.0568007301361045	-0.0054253060415134	-0.0244245499673363	-0.0247010508941498	-0.00341716711544195	-0.019449294450242	-0.0142677360273642
res0.4	19	113	0.709836019400687	oligo_mature	0.00483589934473914	PTCHD4, ANK1, IDO1, GNLY, CRHBP	-0.100415211734965	-0.150184866939836	-0.070600187012342	-0.0190235041833806	-0.0510778723676219	-0.0398229182470687	-0.0238594035281197	-0.0415074821354443	-0.0358020845687195
res0.4	22	65	0.671025942436082	oligo_mature	0.00601959554702156	SST, TAC1, MEPE, SAMD5, SDK1	-0.0916533106021345	-0.123636895272488	-0.0717461483743345	-0.0190229974360966	-0.0517762925936946	-0.041454025476246	-0.0250425929831182	-0.0373424259062455	-0.0348603244841457
res0.4	21	88	0.290942223354079	oligo_mature	0.00601967238224623	APP, COL25A1, TRPC5, GNLY, CRHBP	-0.107506431576297	-0.15853065289917	-0.072941999310417	-0.0190232402491347	-0.0543515420991417	-0.0414545546030515	-0.0250429126313809	-0.0415069062559485	-0.0370992393101347
res0.4	20	98	0.166070123902582	oligo_mature	0.00601970578947747	B4GALNT1, APP, GNLY, CRHBP, TRPC5	-0.107507028202158	-0.161878637642718	-0.0729424041148786	-0.0190233458219542	-0.0543803803972973	-0.0414547846623975	-0.0250430516114317	-0.0415071366058293	-0.0370994451988921
res0.4	17	261	0.617185387459159	oligo_mature	0.00680000210733989	SNTB2, GNLY, CRHBP, TRPC5, CTNNA3	-0.0921013554341895	-0.126456316315431	-0.0694909289347561	-0.018245315096436	-0.0485964584284094	-0.0400976689196503	-0.0250453172037759	-0.0395072436185786	-0.0333015595956859
res0.4	5	156702	0.399237341127418	neuronal	0.0156869520562744	NNAT, RELN, SOX4, FBLN1, SOX11	-0.0924071627169578	-0.0525806324893675	-0.0617046669651823	-0.00935800708374537	0.00844502525251824	-0.0280520880818021	-0.0108912986769637	-0.0274351168097558	-0.00724192680375615
res0.4	11	38175	0.707310487767662	neuronal	0.0209159748609091	SLC17A7, CRYM, APP, C1QL3, HS3ST2	0.0379544854794778	-0.0801596895312321	-0.000755400371653194	-0.00259547174502346	0.0588704603403868	-0.0135246022132503	-0.0147662048102305	-0.0107447259652627	0.00635375647688967
res0.4	1	264632	0.134058590764312	radial_glia	0.0607102520687071	RELN, FGFR3, APP, IGFBP5, COL25A1	-0.0930210363916121	0.0807979420357381	-0.056203919985831	0.00818370569751551	0.00515456288002465	-0.0244043998744867	0.020087689967031	-0.0133228040308037	0.0104506273199786
res0.4	12	34193	0.765225065499979	t_cell	0.0742475313719186	CD2, TRAC, CD48, PTPRC, CCL5	-0.065476319028447	-0.069959085574423	-0.0491708184060801	-0.0066025613413401	-0.0265787554074826	-0.0142361520627056	0.0676449700305785	-0.0118682732837835	-0.0113810188621479
res0.4	8	118042	0.243834517028122	radial_glia	0.102028497785868	CXCL14, PAX6, FGFR3, DNER, RGS16	-0.00591396499120211	0.171820326028853	-0.0541273074869684	0.00292173961432054	0.0697918282429844	-0.0275383456821147	-0.00466803554148201	-0.0177512161305019	0.00814429359788491
res0.4	14	28323	0.78586446280195	oligo_mature	0.115587282304309	ERMN, MOG, CNDP1, UGT8, CLDN11	-0.0357933674251955	-0.0698032846874072	-0.00930557817044132	0.106281704133868	-0.0260702595379954	-0.0213906085521788	-0.0126004834062181	-0.0215587215217004	-0.0158311979682042
res0.4	6	156694	0.389650800078054	radial_glia	0.116600694691619	PAX6, FGFR3, SOX4, LAMP5, MEIS2	-0.0176340225533031	0.135202995910666	-0.0400758685124517	-0.00328243260498583	0.00912948985819406	-0.0304248847263421	-0.00958447225917931	-0.0164795307305176	0.0186023012190469
res0.4	7	153239	0.954059264410041	myeloid	0.131347050167554	AIF1, GPR34, APOE, RNASET2, FCER1G	0.0343167670715522	-0.12762925030521	-0.020766528327972	-0.0104185513551458	-0.0400005559915361	0.182278235033901	0.0307758946771955	0.0509311848663472	-0.0134364599783262
res0.4	13	29440	0.698808368705535	proliferation	0.143154116012185	TOP2A, MKI67, SOX4, CENPF, COL25A1	-0.0645026797028455	-0.00921711742842674	-0.0407390365563518	-0.00400231147333918	-0.00727120938840107	-0.0200205869292767	-0.00429850702544149	-0.0149468534081285	0.139151804538846
res0.4	10	112607	0.896562161218309	endothelial	0.201789891511735	IFITM3, DCN, FLT1, IGFBP4, PECAM1	-0.00145650168113681	-0.135182836624112	-0.036512811171931	-0.00425876559393811	-0.0451657370435293	0.00102272857201338	0.0025685503812878	0.204358441893022	-0.0171270087420738
res0.4	2	188720	0.77966786344115	astro_glial	0.238395449915707	AQP4, APOE, GJA1, PTPRZ1, TTYH1	0.322655133058345	0.0204526881918976	0.0842596831426375	-0.00659796441560898	-0.0140605120555921	-0.00105391121606645	-0.0166529003065037	-0.0284580593374171	-0.00999147746181123
res0.4	4	182237	0.900249832349629	opc	0.238855676144793	PTPRZ1, OLIG1, SEMA5A, OLIG2, VCAN	0.0426731825400659	-0.0352392875093333	0.281528858684859	0.00969684519590078	0.0291256990466572	0.0107995174189817	-0.0146201797109947	-0.0270774550381893	-0.00151829871258209
res0.4	18	203	0.0819919731370806	opc	0.267318459102355	PTPRZ1, SOX10, SEMA5A, OLIG1, GPNMB	0.0527086768731124	-0.0829982411165951	0.335056707259551	0.0580150223484122	0.0221396855408411	0.067738248157196	0.00464030063743677	-0.00536400315534141	0.0104133858717305
res0.5	9	113879	0.559868771734984	t_cell	0.000370267165684344	FGFR3, COL25A1, RGS16, FGFR2, NTNG2	-0.0563197188243382	-0.0177166957700601	-0.0367014503751098	0.00861924670318007	-0.00657847372010353	-0.010064608943174	0.00898951386886442	0.00523761733502953	0.00631528462845682
res0.5	3	174537	0.550645949916848	oligo_mature	0.0005406050960922	APP, RELN, SOX4, DNER, SOX9	-0.0941139659993065	-0.0192988221837587	-0.0653761740415586	-0.0118109986538804	-0.0123516037499726	-0.0354358906884751	-0.013555796823505	-0.0350836758099542	-0.015539948379974
res0.5	16	20107	0.301629233738601	oligo_mature	0.00100114013725526	IGFBP5, RELN, GNLY, NPFFR2, CTNNA3	-0.0948934601712504	-0.058520953038851	-0.065500225735214	-0.0130847489600033	-0.0333084944508929	-0.0361875439509222	-0.0140858890972586	-0.0356285562060868	-0.0268051504149686
res0.5	17	19075	0.209640236250271	t_cell	0.00186601817046831	NR4A2, FGFR3, RGS16, COL25A1, B4GALNT1	-0.0734188652335866	-0.0311001776900015	-0.0569377484481274	-0.00561083499795403	-0.0248818013943748	-0.024881994165873	-0.00374481682748572	-0.0196861174783746	-0.014500840855945
res0.5	20	113	0.709836019400687	oligo_mature	0.00483589934473914	PTCHD4, IDO1, GNLY, TRPC5, CTNNA3	-0.100415211734965	-0.150184866939836	-0.070600187012342	-0.0190235041833806	-0.0510778723676219	-0.0398229182470687	-0.0238594035281197	-0.0415074821354443	-0.0358020845687195
res0.5	18	350	0.808185599276458	oligo_mature	0.00525348093885504	DDR2, GNLY, TRPC5, CTNNA3, ADAMTS12	-0.0815527202518557	-0.116327233378081	-0.0641728094609327	-0.0190260066438913	-0.0479392172124545	-0.038413480003992	-0.0242794875827463	-0.0385202650665539	-0.0321974076656255
res0.5	22	88	0.290942223354079	oligo_mature	0.00601967238224623	APP, COL25A1, TRPC5, GNLY, CTNNA3	-0.107506431576297	-0.15853065289917	-0.072941999310417	-0.0190232402491347	-0.0543515420991417	-0.0414545546030515	-0.0250429126313809	-0.0415069062559485	-0.0370992393101347
res0.5	21	98	0.166070123902582	oligo_mature	0.00601970578947747	B4GALNT1, APP, GNLY, TRPC5, CTNNA3	-0.107507028202158	-0.161878637642718	-0.0729424041148786	-0.0190233458219542	-0.0543803803972973	-0.0414547846623975	-0.0250430516114317	-0.0415071366058293	-0.0370994451988921
res0.5	4	167082	0.402732288968608	neuronal	0.015576983668701	NNAT, RELN, SOX4, FBLN1, SOX11	-0.0935165615101803	-0.0503759911898152	-0.0625583029108475	-0.00967046384614816	0.00812333020602867	-0.0286239166758676	-0.0112870676832052	-0.0278935986922521	-0.00745365346267236
res0.5	11	38425	0.70678623635355	neuronal	0.0207514058602204	SLC17A7, CRYM, APP, C1QL3, HS3ST2	0.0382180193770342	-0.0799974388128525	-0.000538859559936156	-0.00259803033779	0.0589694252372547	-0.0132592704838522	-0.0146897790871238	-0.0108138854153949	0.00629866435738057
res0.5	15	21303	0.896149356206208	neuronal	0.0303494622201972	GAD1, TAC1, SST, LHX6, MYO16	-0.0289297324349501	-0.0438209598554657	-0.00413870902008279	-0.00550554601463794	0.0262107532001145	-0.0122977830328909	-0.0094901726542682	-0.0182342855575576	-0.00641760358287709
res0.5	1	263717	0.133519367339883	radial_glia	0.0611474871432421	RELN, FGFR3, APP, IGFBP5, COL25A1	-0.0928954319924623	0.0813444427251821	-0.056101028905598	0.00826205567677854	0.00531068521747306	-0.0243324655107373	0.02019695558194	-0.0132134866986979	0.0105906752538562
res0.5	12	34186	0.765252731255936	t_cell	0.0741777835877671	CD2, TRAC, CD48, PTPRC, CCL5	-0.0656944621688622	-0.0700384864895066	-0.0492601736161203	-0.00668235237716548	-0.0266553118684649	-0.0143643232618953	0.0674954312106016	-0.0118962336488357	-0.0114012333639707
res0.5	8	117903	0.24218080333965	radial_glia	0.10232228513442	CXCL14, PAX6, FGFR3, DNER, RGS16	-0.0059999945847037	0.172120586837069	-0.0541756643342636	0.00293517430533272	0.0697983017026495	-0.0275421190958086	-0.00464030869531094	-0.0177345374828266	0.0081752520153236
res0.5	14	28657	0.786315976265854	oligo_mature	0.114699180084761	ERMN, MOG, CNDP1, UGT8, CLDN11	-0.036659146064222	-0.0706533030225471	-0.00996497212765637	0.104734207957104	-0.0264943574519153	-0.0217000682139214	-0.0127299633972486	-0.0219470485798396	-0.0161305100975619
res0.5	6	156357	0.388090026565759	radial_glia	0.116738492081916	PAX6, FGFR3, SOX4, LAMP5, MEIS2	-0.0172081742040416	0.135488281355309	-0.0399485907384927	-0.003237519748382	0.00927135965275937	-0.0303839841564156	-0.00954664658466953	-0.0164179741696847	0.0187497892733933
res0.5	7	154577	0.953903980898356	myeloid	0.13082732865028	AIF1, GPR34, APOE, RNASET2, FCER1G	0.0338734168801038	-0.127077465734114	-0.0206777326749163	-0.0104817843067239	-0.0397995777943479	0.180948790282151	0.0303717867583653	0.0501214616318713	-0.0135164633428745
res0.5	13	29540	0.699663575854823	proliferation	0.14326797712391	TOP2A, MKI67, SOX4, CENPF, COL25A1	-0.0643574015557298	-0.00969760213616283	-0.0408121731426002	-0.00401572752036835	-0.00737961725816797	-0.0198258730932361	-0.00420634433674444	-0.0143765642893284	0.139252249603542
res0.5	10	112734	0.896639751797841	endothelial	0.201621419351588	IFITM3, DCN, FLT1, IGFBP4, PECAM1	-0.00157792475310218	-0.135207496799098	-0.0365615164843933	-0.00427256635117423	-0.0451688998479495	0.00103374799921802	0.00254150448068727	0.204162923832276	-0.0173048821496147
res0.5	2	189217	0.780194773253589	astro_glial	0.237771042357072	AQP4, APOE, GJA1, PTPRZ1, TTYH1	0.322992339782919	0.0204725399001778	0.0852212974258472	-0.00654298308273551	-0.0139380170258606	-0.00106550783847878	-0.0166498925268876	-0.028471855826624	-0.00995362724701698
res0.5	5	159857	0.85711587668977	opc	0.265023529449952	PTPRZ1, OLIG1, SEMA5A, OLIG2, VCAN	0.050337256800506	-0.0334102043890341	0.315360786250458	0.0116374760324019	0.0289096434681954	0.0135785832840269	-0.0150271161682877	-0.0276742239715214	-0.000795376932088046
res0.5	19	203	0.0819919731370806	opc	0.267318459102355	PTPRZ1, SOX10, SEMA5A, OLIG1, GPNMB	0.0527086768731124	-0.0829982411165951	0.335056707259551	0.0580150223484122	0.0221396855408411	0.067738248157196	0.00464030063743677	-0.00536400315534141	0.0104133858717305
res1	9	114061	0.560934939272453	t_cell	0.000471769179272608	COL25A1, FGFR2, RGS16, NTNG2, TRPC6	-0.0564226061237827	-0.0176102581506421	-0.0367209882405327	0.00851789047250723	-0.00654729290661961	-0.0101222420760176	0.00898965965177984	0.00522473112616356	0.00636219829814269
res1	17	21950	0.214398130305923	t_cell	0.00110993192437366	NR4A2, FGFR3, RGS16, COL25A1, B4GALNT1	-0.0772229315531273	-0.0432924312522962	-0.0587501958317204	-0.00705414096327743	-0.027846547356283	-0.0268052478864742	-0.00594420903890378	-0.0223245697513742	-0.0168730194777584
res1	16	20893	0.307526021848611	oligo_mature	0.00124075983233381	IGFBP5, RELN, GNLY, NPFFR2, CTNNA3	-0.094998759772131	-0.0594460752340027	-0.0654613498268102	-0.013056985838889	-0.0333238540828548	-0.0362089395891052	-0.0142977456712228	-0.0356461167258553	-0.026819458452428
res1	3	142449	0.515464552309974	oligo_mature	0.00130199631107293	APP, RELN, SOX4, DNER, GNLY	-0.10111441513349	-0.0278537150922711	-0.0699541096976636	-0.0145371219206908	-0.0158391182317637	-0.0385193318367446	-0.0166129806171387	-0.0378035883339647	-0.0197296092925801
res1	26	16364	0.444850246727131	oligo_mature	0.0021676156857905	FGFR3, NTNG2, SOX4, PLCH1, GNLY	-0.0987571696676573	-0.0665078869379527	-0.0667538632292054	-0.0150270791827628	-0.0431819309326516	-0.0376715579696843	-0.0171946948685533	-0.0366371156073077	-0.0264307586978136
res1	25	17415	0.353401543614317	proliferation	0.00262738253146409	RELN, FBLN1, COL25A1, SOX4, NNAT	-0.0845569044709491	-0.0187720362935882	-0.0516450908909041	-0.00217388015570434	-0.00379976983593658	-0.0227641542509843	0.00220457737641823	-0.0164550356760201	0.00483195990788232
res1	38	70	0.177774088479166	oligo_mature	0.0041174852237218	SULF1, IGFBP5, NR2F2, GNLY, NPFFR2	-0.101760833872767	-0.152079753228573	-0.0729412706737083	-0.0190230502210124	-0.0534707210251625	-0.0414541405026633	-0.0231405354447342	-0.0415064916326061	-0.0370988687161302
res1	36	203	0.7850902508864	oligo_mature	0.00509442378299777	ITGA8, TGFBI, ANKRD18A, TRPC5, TRHDE	-0.0986621308797703	-0.153409411248041	-0.0689837795002123	-0.0179606689027131	-0.0553830470877063	-0.0347757377856602	-0.0230550926857109	-0.0348552318867527	-0.0357173123531827
res1	18	358	0.805404622388237	oligo_mature	0.00527064550075802	DDR2, CTNNA3, PVALB, GNLY, TRPC5	-0.0805327083389271	-0.116467082938207	-0.0638738308483884	-0.0190260911266191	-0.0478640659805356	-0.0384817425639349	-0.0242967366273772	-0.0385873118763444	-0.0318943218305102
res1	35	222	0.52589444087217	oligo_mature	0.00541145346461066	KCNH5, WIF1, ZBBX, IDO1, ADAMTS12	-0.104830617475202	-0.151967739845865	-0.0710227817142451	-0.0190246550222752	-0.0515812091158026	-0.0406450413901215	-0.0244361084868858	-0.0402879121817074	-0.0344461950124512
res1	33	386	0.623513121346828	oligo_mature	0.00561185854770669	IDH2, GNLY, TRPC5, NPFFR2, CTNNA3	-0.101796764923942	-0.126197495462717	-0.0684396833662373	-0.0187623566232473	-0.0502052514420959	-0.0414614114675004	-0.024374215170954	-0.0408547692411687	-0.0333741345017737
res1	22	91	0.305561180329291	oligo_mature	0.00601968240437667	COL25A1, APP, CDH6, FSTL4, RXFP1	-0.10750661056336	-0.155375452028501	-0.0729421207512837	-0.0190232719208575	-0.0534120012329147	-0.0414546236205871	-0.0250429543252342	-0.0415069753606443	-0.037099301076522
res1	21	99	0.164843611657532	oligo_mature	0.00601970913022099	B4GALNT1, APP, GNLY, TRPC5, NPFFR2	-0.107507087865109	-0.161911160867908	-0.0729424445955719	-0.0190233563793006	-0.0543993291629467	-0.0414548076684725	-0.0250430655095216	-0.041507159640958	-0.0370994657878935
res1	31	533	0.28680838836974	oligo_mature	0.00602115936300982	UNC5B, RELN, TRPC6, GNLY, TRPC5	-0.107138361422103	-0.147059201947387	-0.0729600174587385	-0.019027939374023	-0.0562669028438966	-0.0414647947160248	-0.0250490987370328	-0.0415171593008384	-0.0365576112778289
res1	28	970	0.317354753803829	oligo_mature	0.00604505539706456	ELOVL2, GNLY, TRPC5, NPFFR2, CTNNA3	-0.100433396263572	-0.140626031431018	-0.0709368691802226	-0.0186003770340645	-0.0540589123064268	-0.0412881934120222	-0.0246454324311291	-0.0415272329521636	-0.035600184975791
res1	27	2032	0.274623233412819	oligo_mature	0.00605116544204624	SOX9, RELN, APP, GNLY, NPFFR2	-0.105918333400063	-0.154043995527144	-0.0727540170358484	-0.0188886679170772	-0.0546589442407046	-0.0413647220838824	-0.0249398333591234	-0.0415517343871269	-0.0363460507135079
res1	32	441	0.685132452678727	oligo_mature	0.00611966156596334	MGST1, GNLY, TRPC5, NPFFR2, CTNNA3	-0.0859620371919688	-0.138413427401831	-0.0704697566471339	-0.0183202818663439	-0.0528037072175366	-0.0410478234019508	-0.0244399434323072	-0.0415150391548677	-0.0361013755324701
res1	29	915	0.748711392246413	oligo_mature	0.00624240298976551	NES, GNLY, NPFFR2, CTNNA3, HTR2C	-0.0929819147031067	-0.128728053482468	-0.0623946048902281	-0.0182405534316962	-0.050743025625052	-0.0398370472675675	-0.0244829564214617	-0.0340486070321389	-0.0339314084059453
res1	34	304	0.713162495178561	oligo_mature	0.00626637610187494	PLCE1, ADAMTS12, NXPH2, PVALB, TACR1	-0.0810694785526088	-0.126756236007558	-0.0606469403513721	-0.0183351180962139	-0.0493890174790796	-0.0402639144599324	-0.0246014941980888	-0.0406662409124346	-0.0329446398170005
res1	20	42316	0.642428724449874	radial_glia	0.0168539757429384	RELN, APP, FGFR3, SOX4, COL25A1	-0.0579369389222978	0.0235481764854756	-0.0405442241045203	-0.00134310707531017	0.00669420074253718	-0.01904860044261	-0.000624568578902779	-0.0192486203222511	0.00380243141494872
res1	11	40850	0.705745226386931	neuronal	0.0172608792114401	SLC17A7, CRYM, APP, C1QL3, HS3ST2	0.038941660597558	-0.0818147440838357	-0.000710562648237759	-0.00300604276006932	0.0562025398089981	-0.00497256655281915	-0.0134179608592041	-0.00904629690996136	0.00495893949969578
res1	4	136994	0.386710297622894	neuronal	0.0187569387639138	NNAT, RELN, SOX4, SOX11, FBLN1	-0.0912753837843803	-0.0555334893230248	-0.0615076718713154	-0.0100627529349851	0.0102597044867175	-0.0280044117678662	-0.0122628680507297	-0.0281989321258987	-0.00849723427719636
res1	15	27280	0.891250011625591	neuronal	0.024201486341591	GAD1, TAC1, CAV1, SST, BTBD11	-0.0275914438439655	-0.0476431352011169	-0.00476164697555862	-0.00624827030584478	0.0194398393660324	-0.0113863314628996	-0.00970650585466358	-0.0181796883635553	-0.00715330804990255
res1	19	1381	0.815070822173831	opc	0.0278138098968296	PDGFRA, TMEM132C, GPNMB, ERBB3, SORCS1	-0.0750371310803337	-0.138879730643024	0.0207830833929648	-0.00703072650386479	-0.0409983875116935	-0.0235943721009823	-0.0196380735845646	-0.0331305405525232	-0.0289916351012733
res1	30	838	0.331647764894171	neuronal	0.0626763399070273	GAD2, GNLY, TRPC5, NPFFR2, CTNNA3	-0.107315536131465	-0.134973927085672	-0.0728698983965175	-0.0190311614636511	0.0436451784433762	-0.0413624471862535	-0.0242594943609513	-0.0415241895948571	-0.0364134145907781
res1	1	255149	0.128352613902033	radial_glia	0.0651532205211934	RELN, FGFR3, APP, IGFBP5, COL25A1	-0.0916622906865816	0.0864644291982847	-0.0550769925870446	0.00897785379176926	0.006734976197645	-0.0235961807918682	0.0213112086770914	-0.012262767609162	0.0117930306066488
res1	12	34287	0.765977534231179	t_cell	0.0741744337609708	CD2, TRAC, CD48, PTPRC, CCL5	-0.0655690882127526	-0.0701275342927803	-0.0491521123011037	-0.00667220676540809	-0.0266639912589705	-0.0142689928089835	0.0675022269955627	-0.0118124800057405	-0.0114000709323169
res1	24	19123	0.831980323885253	myeloid	0.0829420603790034	CD83, CCL4, AIF1, GPR34, GPR183	0.0211268934994752	-0.0875223123677601	-0.0107917160265127	-0.00832792913699759	-0.0292125316854847	0.110480878110632	0.0158111601413612	0.0275388177316286	-0.00745187758844318
res1	8	117760	0.240536299739403	radial_glia	0.102552722429866	CXCL14, PAX6, FGFR3, DNER, RGS16	-0.00595923664589441	0.172392468895484	-0.054219506659539	0.00293817917189617	0.0698397464656183	-0.027549901384626	-0.00463212512999127	-0.0177259049542536	0.00819503784014003
res1	14	29949	0.790616142524083	oligo_mature	0.112509834618765	ERMN, MOG, CNDP1, UGT8, CLDN11	-0.035221140185606	-0.0703456107565876	-0.0101888643179771	0.102320970300788	-0.0260798661115825	-0.0217218160444251	-0.0129364180383311	-0.0222836131379811	-0.0162267891526371
res1	6	140544	0.316088403901022	radial_glia	0.133065669052238	PAX6, FGFR3, LAMP5, SOX4, MEIS2	-0.0070757166673312	0.156815993877558	-0.0360243755170859	-0.00180342188079345	0.015320054313723	-0.0289506274873894	-0.00847471367762551	-0.0137001859291008	0.0237503248253208
res1	7	133444	0.957200879780521	myeloid	0.134783022184369	AIF1, GPR34, RNASET2, MS4A6A, APOE	0.034310095059622	-0.129716074675192	-0.0218023563524024	-0.010560278744327	-0.04116615677576	0.18733930452746	0.0320150526042332	0.0525562823430913	-0.0140338479941365
res1	13	29625	0.701552265533203	proliferation	0.143338286501285	TOP2A, SOX4, MKI67, COL25A1, CENPF	-0.0639057487043305	-0.00951304342640744	-0.0402404363472096	-0.00406847717969177	-0.00733262632504843	-0.0197759764741774	-0.00430406184045506	-0.0143803360642326	0.139269809321593
res1	37	148	0.364826482998283	radial_glia	0.167050837921018	SOX9, PAX6, GNLY, TRPC5, NPFFR2	-0.0972311518900681	0.148026964217389	-0.0719633408132104	-0.0190238737036291	-0.0543554494497124	-0.0414559349974313	-0.0250437465348249	-0.0415082883935851	-0.0361573411577442
res1	10	111977	0.896841176909582	endothelial	0.202972091540174	IFITM3, DCN, FLT1, IGFBP4, PECAM1	-0.000568773981912685	-0.135085341706203	-0.0362317895265473	-0.00416840043628001	-0.0450461790757433	0.00137077641157881	0.00275676998607645	0.20572886152625	-0.0171641765886667
res1	23	88788	0.47701088089029	astro_glial	0.213792414880929	GJA1, AQP4, PTPRZ1, TTYH1, TRIL	0.31305711463131	0.0338070938130247	0.0992646997503815	-0.00910018977103796	0.00325830582743779	-0.0123503788233282	-0.0187091985227104	-0.0265602592788908	-0.0128825251628468
res1	2	104145	0.869821795028939	astro_glial	0.222498426666647	AQP4, APOE, SERPINA3, PTPRZ1, GJA1	0.296848394365755	0.00774381400001922	0.0743499676991074	-0.00329246595631543	-0.025616817999483	0.0101086788228162	-0.0130662916608947	-0.0271724426298826	-0.00556163646303834
res1	5	147651	0.836626188342418	opc	0.280817648936586	PTPRZ1, OLIG1, SEMA5A, OLIG2, VCAN	0.0487387742564459	-0.0320013439256548	0.329556423193032	0.0127989852635987	0.0310797769413007	0.0144769750173255	-0.0150055989548211	-0.0277540547097721	-0.000390212470783857
